<?xml version="1.0" encoding="UTF-8"?>
<root>
  <item name="com.beardedhen.androidbootstrap.api.attributes.BootstrapBrand int activeEdge(android.content.Context)">
  </item>
  <item name="com.beardedhen.androidbootstrap.api.attributes.BootstrapBrand int activeFill(android.content.Context)">
  </item>
  <item name="com.beardedhen.androidbootstrap.api.attributes.BootstrapBrand int activeTextColor(android.content.Context)">
  </item>
  <item name="com.beardedhen.androidbootstrap.api.attributes.BootstrapBrand int defaultEdge(android.content.Context)">
  </item>
  <item name="com.beardedhen.androidbootstrap.api.attributes.BootstrapBrand int defaultFill(android.content.Context)">
  </item>
  <item name="com.beardedhen.androidbootstrap.api.attributes.BootstrapBrand int defaultTextColor(android.content.Context)">
  </item>
  <item name="com.beardedhen.androidbootstrap.api.attributes.BootstrapBrand int disabledEdge(android.content.Context)">
  </item>
  <item name="com.beardedhen.androidbootstrap.api.attributes.BootstrapBrand int disabledFill(android.content.Context)">
  </item>
  <item name="com.beardedhen.androidbootstrap.api.attributes.BootstrapBrand int disabledTextColor(android.content.Context)">
  </item>
</root>

