<?xml version="1.0" encoding="UTF-8"?>
<root>
  <item name="com.beardedhen.androidbootstrap.api.defaults.DefaultBootstrapBrand int activeEdge(android.content.Context)">
  </item>
  <item name="com.beardedhen.androidbootstrap.api.defaults.DefaultBootstrapBrand int activeFill(android.content.Context)">
  </item>
  <item name="com.beardedhen.androidbootstrap.api.defaults.DefaultBootstrapBrand int activeTextColor(android.content.Context)">
  </item>
  <item name="com.beardedhen.androidbootstrap.api.defaults.DefaultBootstrapBrand int defaultEdge(android.content.Context)">
  </item>
  <item name="com.beardedhen.androidbootstrap.api.defaults.DefaultBootstrapBrand int defaultFill(android.content.Context)">
  </item>
  <item name="com.beardedhen.androidbootstrap.api.defaults.DefaultBootstrapBrand int defaultTextColor(android.content.Context)">
  </item>
  <item name="com.beardedhen.androidbootstrap.api.defaults.DefaultBootstrapBrand int disabledEdge(android.content.Context)">
  </item>
  <item name="com.beardedhen.androidbootstrap.api.defaults.DefaultBootstrapBrand int disabledFill(android.content.Context)">
  </item>
  <item name="com.beardedhen.androidbootstrap.api.defaults.DefaultBootstrapBrand int disabledTextColor(android.content.Context)">
  </item>
  <item name="com.beardedhen.androidbootstrap.api.defaults.DefaultBootstrapHeading horiPadding">
    <annotation name="android.support.annotation.DimenRes" />
  </item>
  <item name="com.beardedhen.androidbootstrap.api.defaults.DefaultBootstrapHeading textSize">
    <annotation name="android.support.annotation.DimenRes" />
  </item>
  <item name="com.beardedhen.androidbootstrap.api.defaults.DefaultBootstrapHeading vertPadding">
    <annotation name="android.support.annotation.DimenRes" />
  </item>
</root>

