<?xml version="1.0" encoding="UTF-8"?>
<root>
  <item name="com.beardedhen.androidbootstrap.utils.ColorUtils int decreaseRgbChannels(android.content.Context, int, float)">
  </item>
  <item name="com.beardedhen.androidbootstrap.utils.ColorUtils int decreaseRgbChannels(android.content.Context, int, float) 1">
    <annotation name="android.support.annotation.ColorRes" />
  </item>
  <item name="com.beardedhen.androidbootstrap.utils.ColorUtils int increaseOpacity(android.content.Context, int, int)">
  </item>
  <item name="com.beardedhen.androidbootstrap.utils.ColorUtils int increaseOpacity(android.content.Context, int, int) 1">
    <annotation name="android.support.annotation.ColorRes" />
  </item>
  <item name="com.beardedhen.androidbootstrap.utils.ColorUtils int resolveColor(int, android.content.Context)">
  </item>
  <item name="com.beardedhen.androidbootstrap.utils.ColorUtils int resolveColor(int, android.content.Context) 0">
    <annotation name="android.support.annotation.ColorRes" />
  </item>
  <item name="com.beardedhen.androidbootstrap.utils.DimenUtils float pixelsFromDpResource(android.content.Context, int) 1">
    <annotation name="android.support.annotation.DimenRes" />
  </item>
  <item name="com.beardedhen.androidbootstrap.utils.DimenUtils float pixelsFromSpResource(android.content.Context, int) 1">
    <annotation name="android.support.annotation.DimenRes" />
  </item>
</root>

